{
    "rmse": 0.7158444604109179,
    "mae": 0.5584178193661296,
    "r2": 0.26373865928968754
}