{
    "rmse": 0.7314626600447504,
    "mae": 0.5624190911906893,
    "r2": 0.21172368358494364
}